ID, Name, Email, Password, Intake
TP01/ Terence/ Terence123@yahoo.com/ Terence123/ 2402
TP02/ Sam/ Sam23@yahoo.com/ Sam123/ 2406
TP03/ Jun/ Jun23@yahoo.com/ Jun123/ 2406
TP04/ Angel/ Angel23@yahoo.com/ Angel123/ 2406
TP05/ Oppa/ Oppa23@yahoo.com/ Oppa123/ 2410
TP06/ Fib/ Fib23@yahoo.com/ Fib123/ 2406
TP07/ Quary/ Quary@yahoo.com/ Quary123/ 2410
TP08/ Pias/ Pias@yahoo.com/ Pias123/ 2406
TP09/ Mono/ Mono@yahoo.com/ Mono/ 2402